name,threads,time,cpu_usage
procstat,1,1565181163000000000,100.47139601609837
procstat,1,1565181164000000000,100.19136440390646
procstat,1,1565181165000000000,99.74496857327793
procstat,1,1565181166000000000,100.03197381998392
procstat,1,1565181167000000000,99.88370450389276
procstat,1,1565181168000000000,99.1816988887302
procstat,1,1565181169000000000,99.42350086445965
procstat,1,1565181170000000000,100.1678148096647
procstat,1,1565181171000000000,99.26447639960458
