name,threads,time,cpu_usage
procstat,6,1565181216000000000,394.2704923320483
procstat,6,1565181217000000000,397.3545274523128
procstat,6,1565181218000000000,397.1266927611431
procstat,6,1565181219000000000,394.6485026069962
procstat,6,1565181220000000000,396.5070657135585
procstat,6,1565181221000000000,395.5232391839344
procstat,6,1565181222000000000,395.97025656973017
procstat,6,1565181223000000000,396.12284787288
procstat,6,1565181224000000000,397.77020282580077
