name,threads,time,cpu_usage
procstat,3,1565181184000000000,299.8125617753458
procstat,3,1565181185000000000,298.586828848283
procstat,3,1565181186000000000,299.2152966639252
procstat,3,1565181187000000000,299.06896819639087
procstat,3,1565181188000000000,299.2356157858422
procstat,3,1565181189000000000,299.2234321540372
procstat,3,1565181190000000000,299.19335273333155
procstat,3,1565181191000000000,299.598869470457
procstat,3,1565181192000000000,299.15540195749963
