name,threads,time,cpu_usage
procstat,2,1565181174000000000,200.46346889437302
procstat,2,1565181175000000000,198.93962226782398
procstat,2,1565181176000000000,199.93781832358863
procstat,2,1565181177000000000,200.24778102519784
procstat,2,1565181178000000000,199.8293491499957
procstat,2,1565181179000000000,199.08051512813583
procstat,2,1565181180000000000,199.6659084722992
procstat,2,1565181181000000000,200.0738258412188
