name,threads,time,cpu_usage
procstat,7,1565181227000000000,395.7955001388997
procstat,7,1565181228000000000,394.66827565029297
procstat,7,1565181229000000000,395.7337058045436
procstat,7,1565181230000000000,395.39575851714136
procstat,7,1565181231000000000,395.5178560491288
procstat,7,1565181232000000000,394.46232670436126
procstat,7,1565181233000000000,396.8096027638692
procstat,7,1565181234000000000,397.34359953393084
procstat,7,1565181235000000000,395.9812653343746
