name,threads,time,cpu_usage
procstat,4,1565181195000000000,397.64779421109563
procstat,4,1565181196000000000,395.9695729060788
procstat,4,1565181197000000000,395.46102255784217
procstat,4,1565181198000000000,396.00846969895525
procstat,4,1565181199000000000,397.0767461184306
procstat,4,1565181200000000000,394.9712719152501
procstat,4,1565181201000000000,396.3669009855664
procstat,4,1565181202000000000,395.59393142082286
