name,threads,time,cpu_usage
procstat,5,1565181205000000000,393.84013284568744
procstat,5,1565181206000000000,394.4696129165983
procstat,5,1565181207000000000,397.8722837881906
procstat,5,1565181208000000000,396.2144568972518
procstat,5,1565181209000000000,392.74956578070083
procstat,5,1565181210000000000,397.9252049621386
procstat,5,1565181211000000000,396.13375864559436
procstat,5,1565181212000000000,395.571098518035
procstat,5,1565181213000000000,395.9472701450096
