name,threads,time,cpu_usage
procstat,1,1565181249000000000,100.52864637365386
procstat,1,1565181250000000000,100.23808791212299
procstat,1,1565181251000000000,98.95785770775869
procstat,1,1565181252000000000,100.57067284896836
procstat,1,1565181253000000000,99.59485043909531
procstat,1,1565181254000000000,100.21707499485844
procstat,1,1565181255000000000,99.96600436096494
procstat,1,1565181256000000000,99.62218076624625
procstat,1,1565181257000000000,100.2362966487443
