name,threads,time,cpu_usage
procstat,7,1565181320000000000,392.7859335583518
procstat,7,1565181321000000000,396.4634399942106
procstat,7,1565181323000000000,393.093837124834
procstat,7,1565181324000000000,395.7682472785183
procstat,7,1565181325000000000,397.9320718639572
procstat,7,1565181326000000000,395.4459059536744
procstat,7,1565181327000000000,394.3852494438562
procstat,7,1565181329000000000,395.18680558944465
procstat,7,1565181330000000000,395.65436658366997
