name,threads,time,cpu_usage
procstat,2,1565181260000000000,199.0883362992133
procstat,2,1565181261000000000,200.02595660211966
procstat,2,1565181262000000000,199.82726930840985
procstat,2,1565181263000000000,199.5481623058012
procstat,2,1565181264000000000,200.11224173121013
procstat,2,1565181265000000000,199.92771528907173
procstat,2,1565181266000000000,199.6979235410909
procstat,2,1565181267000000000,199.89113568946308
procstat,2,1565181268000000000,199.35308193159162
procstat,2,1565181269000000000,199.82722107501166
