name,threads,time,cpu_usage
procstat,2,1565183964000000000,199.61604273373857
procstat,2,1565183965000000000,199.9152660651682
procstat,2,1565183966000000000,200.52325435857642
procstat,2,1565183967000000000,200.131720894873
procstat,2,1565183968000000000,199.84825322284541
procstat,2,1565183969000000000,200.13224939172053
procstat,2,1565183970000000000,200.03486827792443
procstat,2,1565183971000000000,199.74917077152958
