name,threads,time,cpu_usage
procstat,1,1565183954000000000,99.87589231856302
procstat,1,1565183955000000000,100.1439302614654
procstat,1,1565183956000000000,100.00119651431628
procstat,1,1565183957000000000,99.61543620238771
procstat,1,1565183958000000000,99.58255636139316
procstat,1,1565183959000000000,100.75596522350206
procstat,1,1565183960000000000,99.94313245757479
procstat,1,1565183961000000000,99.27312807253028
