name,threads,time,cpu_usage
procstat,8,1565184024000000000,798.0461219511443
procstat,8,1565184025000000000,801.8202954302783
procstat,8,1565184026000000000,801.2033268780294
procstat,8,1565184027000000000,799.1251370753102
procstat,8,1565184028000000000,798.9290364256004
procstat,8,1565184029000000000,800.1288431473542
procstat,8,1565184030000000000,799.4017297365033
procstat,8,1565184031000000000,801.3700648954297
