name,threads,time,usage_percent
docker_container_cpu,4,1565191897000000000,291.10947858363863
docker_container_cpu,4,1565191898000000000,400.1774
docker_container_cpu,4,1565191899000000000,394.09833654457486
docker_container_cpu,4,1565191900000000000,401.00832535858325
docker_container_cpu,4,1565191901000000000,401.73351970406907
docker_container_cpu,4,1565191902000000000,396.51560657167687
docker_container_cpu,4,1565191903000000000,395.37925621274667
docker_container_cpu,4,1565191904000000000,399.1657059171752
docker_container_cpu,4,1565191905000000000,395.799161915186
