name,threads,time,usage_percent
docker_container_cpu,7,1565191932000000000,394.2186147820069
docker_container_cpu,7,1565191933000000000,415.0792938342769
docker_container_cpu,7,1565191934000000000,394.08218989458885
docker_container_cpu,7,1565191935000000000,408.9115766211962
docker_container_cpu,7,1565191936000000000,395.5162366378245
docker_container_cpu,7,1565191937000000000,408.2408535923488
docker_container_cpu,7,1565191938000000000,405.0938009502705
docker_container_cpu,7,1565191939000000000,405.0938009502705
docker_container_cpu,7,1565191940000000000,408.7382094251352
