name,threads,time,usage_percent
docker_container_cpu,5,1565191649000000000,404.01698923920486
docker_container_cpu,5,1565191650000000000,403.46946050043135
docker_container_cpu,5,1565191651000000000,404.97265461645753
docker_container_cpu,5,1565191652000000000,400.8361101478183
docker_container_cpu,5,1565191653000000000,401.8138296927274
docker_container_cpu,5,1565191654000000000,400.7059992352594
docker_container_cpu,5,1565191655000000000,402.2132387241111
docker_container_cpu,5,1565191656000000000,403.0307737432691
