name,threads,time,usage_percent
docker_container_cpu,8,1565191854000000000,398.090199198594
docker_container_cpu,8,1565191855000000000,404.1522651226831
docker_container_cpu,8,1565191856000000000,408.57387832656656
docker_container_cpu,8,1565191857000000000,394.0950735148429
docker_container_cpu,8,1565191858000000000,405.0856702770084
docker_container_cpu,8,1565191859000000000,400.33272152144167
docker_container_cpu,8,1565191860000000000,397.29917727856974
docker_container_cpu,8,1565191861000000000,405.48278231737925
docker_container_cpu,8,1565191862000000000,394.88496457004777
