name,threads,time,usage_percent
docker_container_cpu,2,1565191789000000000,158.89352177085178
docker_container_cpu,2,1565191790000000000,210.3836301627988
docker_container_cpu,2,1565191791000000000,202.7644806879607
docker_container_cpu,2,1565191792000000000,205.36502024330898
docker_container_cpu,2,1565191793000000000,207.92522771707485
docker_container_cpu,2,1565191794000000000,207.2544932471096
docker_container_cpu,2,1565191795000000000,203.26642233162147
docker_container_cpu,2,1565191796000000000,206.21532388436836
docker_container_cpu,2,1565191797000000000,207.21036560538818
