name,threads,time,usage_percent
docker_container_cpu,5,1565191820000000000,389.1700637934043
docker_container_cpu,5,1565191821000000000,402.24873620306715
docker_container_cpu,5,1565191822000000000,402.29185776235914
docker_container_cpu,5,1565191823000000000,404.9012990409764
docker_container_cpu,5,1565191824000000000,401.4588402792321
docker_container_cpu,5,1565191825000000000,403.7371711593026
docker_container_cpu,5,1565191826000000000,402.6573346775074
docker_container_cpu,5,1565191827000000000,404.8673411514792
docker_container_cpu,5,1565191828000000000,402.73850352438944
