name,threads,time,usage_percent
docker_container_cpu,4,1565191811000000000,405.59355435464414
docker_container_cpu,4,1565191812000000000,403.24624192905816
docker_container_cpu,4,1565191813000000000,401.6198637864078
docker_container_cpu,4,1565191814000000000,402.36748299510145
docker_container_cpu,4,1565191815000000000,404.9342799337162
docker_container_cpu,4,1565191816000000000,404.9680545537957
docker_container_cpu,4,1565191817000000000,404.3294351845833
