name,threads,time,cpu_usage
procstat,3,1565184135000000000,300.5825406251277
procstat,3,1565184136000000000,300.33607916574874
procstat,3,1565184137000000000,299.68126481995256
procstat,3,1565184138000000000,300.42399886951165
procstat,3,1565184139000000000,299.69382020613693
procstat,3,1565184140000000000,299.49752708898563
procstat,3,1565184141000000000,300.7413957819223
procstat,3,1565184142000000000,299.3377937200795
