name,threads,time,cpu_usage
procstat,7,1565184176000000000,699.5135510128293
procstat,7,1565184177000000000,701.6594870005616
procstat,7,1565184178000000000,697.3071484581387
procstat,7,1565184179000000000,701.2813567502059
procstat,7,1565184180000000000,699.3865040034198
procstat,7,1565184181000000000,701.7587269809143
procstat,7,1565184182000000000,699.5009480436279
procstat,7,1565184183000000000,698.9498961717952
