name,threads,time,cpu_usage
procstat,4,1565184145000000000,399.7155564143223
procstat,4,1565184146000000000,400.7209695547244
procstat,4,1565184147000000000,399.63479349356817
procstat,4,1565184148000000000,400.26315755457335
procstat,4,1565184149000000000,399.32748847329714
procstat,4,1565184150000000000,400.760537964116
procstat,4,1565184151000000000,399.34099567884635
procstat,4,1565184152000000000,400.30397763058136
