name,threads,time,cpu_usage
procstat,1,1565184115000000000,99.27912693871588
procstat,1,1565184116000000000,99.99313027196408
procstat,1,1565184117000000000,100.07909731440424
procstat,1,1565184118000000000,100.21552350484951
procstat,1,1565184119000000000,99.76567308074112
procstat,1,1565184120000000000,99.9781206880905
procstat,1,1565184121000000000,100.38606926254299
procstat,1,1565184122000000000,99.47522293777678
