name,threads,time,cpu_usage
procstat,8,1565184186000000000,800.3361171591232
procstat,8,1565184187000000000,801.7548306514827
procstat,8,1565184188000000000,799.6769497045661
procstat,8,1565184189000000000,799.0771050453128
procstat,8,1565184190000000000,801.2038467945862
procstat,8,1565184191000000000,799.9292278614233
procstat,8,1565184192000000000,797.6813826277669
procstat,8,1565184193000000000,801.5502117358507
