name,threads,time,cpu_usage
procstat,1,1565184034000000000,100.19162369411188
procstat,1,1565184035000000000,99.96478900251051
procstat,1,1565184036000000000,99.97984286392051
procstat,1,1565184037000000000,100.05507561653842
procstat,1,1565184038000000000,99.9830607698613
procstat,1,1565184039000000000,100.03229612703069
procstat,1,1565184040000000000,99.52942858145356
procstat,1,1565184041000000000,100.29766709066273
