name,threads,time,cpu_usage
procstat,8,1565184105000000000,800.6145661520402
procstat,8,1565184106000000000,799.9651247204229
procstat,8,1565184107000000000,797.688037111991
procstat,8,1565184108000000000,802.1158179119877
procstat,8,1565184109000000000,800.2952401182131
procstat,8,1565184110000000000,797.1586723659469
procstat,8,1565184111000000000,803.1320901535935
procstat,8,1565184112000000000,799.8535692073782
