name,threads,time,cpu_usage
procstat,2,1565184473000000000,199.3351998794301
procstat,2,1565184474000000000,199.54791362564168
procstat,2,1565184475000000000,200.4858654658045
procstat,2,1565184476000000000,199.37786507913987
procstat,2,1565184477000000000,200.68911438080227
procstat,2,1565184478000000000,199.5175219400241
procstat,2,1565184479000000000,199.95448516036092
procstat,2,1565184480000000000,200.11501089952424
procstat,2,1565184481000000000,199.8704142168129
