name,threads,time,cpu_usage
procstat,5,1565184506000000000,499.96711316323035
procstat,5,1565184507000000000,500.7690306012752
procstat,5,1565184508000000000,500.37456388616476
procstat,5,1565184509000000000,499.87831312260147
procstat,5,1565184510000000000,500.3467578153025
procstat,5,1565184511000000000,498.91033124789766
procstat,5,1565184512000000000,501.0726088027562
procstat,5,1565184513000000000,499.90937392914725
