name,threads,time,usage_percent
docker_container_cpu,4,1565190897000000000,372.538381062802
docker_container_cpu,4,1565190898000000000,402.58934590249487
docker_container_cpu,4,1565190899000000000,402.24816661315117
docker_container_cpu,4,1565190900000000000,402.2981748027429
docker_container_cpu,4,1565190901000000000,401.82112175172415
docker_container_cpu,4,1565190902000000000,402.7099545789074
docker_container_cpu,4,1565190903000000000,400.58695351923757
docker_container_cpu,4,1565190904000000000,401.1233563603637
docker_container_cpu,4,1565190905000000000,403.57763527603066
