name,threads,time,usage_percent
docker_container_cpu,8,1565190938000000000,402.3993947203274
docker_container_cpu,8,1565190939000000000,404.96411923592245
docker_container_cpu,8,1565190940000000000,398.0708228270413
docker_container_cpu,8,1565190941000000000,405.3537367383228
docker_container_cpu,8,1565190942000000000,402.49958538651606
docker_container_cpu,8,1565190943000000000,403.76491000483225
docker_container_cpu,8,1565190944000000000,396.29620027720017
docker_container_cpu,8,1565190945000000000,404.4553297557852
docker_container_cpu,8,1565190946000000000,413.2939439707165
