name,threads,time,usage_percent
docker_container_cpu,7,1565190927000000000,412.9606208802456
docker_container_cpu,7,1565190928000000000,408.15331483302924
docker_container_cpu,7,1565190929000000000,402.0215730418184
docker_container_cpu,7,1565190930000000000,410.1535140818409
docker_container_cpu,7,1565190931000000000,407.04948708563535
docker_container_cpu,7,1565190932000000000,408.1033739635173
docker_container_cpu,7,1565190933000000000,398.70739276030747
docker_container_cpu,7,1565190934000000000,411.46209603371483
docker_container_cpu,7,1565190935000000000,410.4090093267089
