name,threads,time,usage_percent
docker_container_cpu,3,1565190886000000000,259.08382067855894
docker_container_cpu,3,1565190887000000000,303.40032117780214
docker_container_cpu,3,1565190888000000000,304.46477156233743
docker_container_cpu,3,1565190889000000000,303.0759006441199
docker_container_cpu,3,1565190890000000000,307.9109420721196
docker_container_cpu,3,1565190891000000000,302.3117482199188
docker_container_cpu,3,1565190892000000000,304.5167588075498
docker_container_cpu,3,1565190893000000000,303.8814192005438
docker_container_cpu,3,1565190894000000000,302.340215394411
