name,threads,time,usage_percent
docker_container_cpu,6,1565190917000000000,395.1866951652535
docker_container_cpu,6,1565190918000000000,398.05126102983735
docker_container_cpu,6,1565190919000000000,408.665211804878
docker_container_cpu,6,1565190920000000000,393.6975808171878
docker_container_cpu,6,1565190921000000000,393.0963411286365
docker_container_cpu,6,1565190922000000000,394.0117465115743
docker_container_cpu,6,1565190923000000000,403.21569958523725
docker_container_cpu,6,1565190924000000000,397.92627884490196
docker_container_cpu,6,1565190925000000000,391.4052518933888
