name,threads,time,cpu_usage
procstat,8,1565184630000000000,800.6619418858728
procstat,8,1565184631000000000,801.0019902475502
procstat,8,1565184632000000000,800.6542733749994
procstat,8,1565184633000000000,798.6388582306685
procstat,8,1565184634000000000,801.4056555396717
procstat,8,1565184635000000000,799.6596808330313
procstat,8,1565184636000000000,800.7170542785382
procstat,8,1565184637000000000,798.4854923807292
procstat,8,1565184638000000000,800.3260632424041
procstat,8,1565184639000000000,800.4247846327797
procstat,8,1565184640000000000,799.9251094114067
