name,threads,time,cpu_usage
procstat,2,1565184561000000000,199.96904941355092
procstat,2,1565184562000000000,200.65768601396763
procstat,2,1565184563000000000,199.27732628389626
procstat,2,1565184564000000000,200.72629303915863
procstat,2,1565184565000000000,199.19188492901418
procstat,2,1565184566000000000,200.65652238533298
procstat,2,1565184567000000000,199.84598549374348
procstat,2,1565184568000000000,199.78394921998
procstat,2,1565184569000000000,200.25026617440602
procstat,2,1565184570000000000,199.60383110651173
procstat,2,1565184571000000000,132.70921221900832
