name,threads,time,cpu_usage
procstat,7,1565180712000000000,396.6203637904573
procstat,7,1565180713000000000,395.0640486518959
procstat,7,1565180714000000000,395.85983546236696
procstat,7,1565180715000000000,396.631710191942
procstat,7,1565180716000000000,395.1176107080033
procstat,7,1565180717000000000,396.6067356327694
procstat,7,1565180718000000000,396.46751250108895
procstat,7,1565180719000000000,395.68647504678216
