name,threads,time,cpu_usage
procstat,6,1565180702000000000,392.92324230825346
procstat,6,1565180703000000000,395.9196828635072
procstat,6,1565180704000000000,395.54959696075736
procstat,6,1565180705000000000,397.43679273161666
procstat,6,1565180706000000000,395.34525367209534
procstat,6,1565180707000000000,394.9673071162077
procstat,6,1565180708000000000,396.183256298875
procstat,6,1565180709000000000,395.0577424575306
