name,threads,time,cpu_usage
procstat,8,1565180722000000000,393.48912964513903
procstat,8,1565180723000000000,396.04815323487776
procstat,8,1565180724000000000,397.38487641409495
procstat,8,1565180725000000000,395.9250467324292
procstat,8,1565180726000000000,397.10279112922234
procstat,8,1565180727000000000,394.88472955399214
procstat,8,1565180728000000000,397.0773274078128
procstat,8,1565180729000000000,395.93229825409736
