name,threads,time,cpu_usage
procstat,2,1565180661000000000,199.6094055311515
procstat,2,1565180662000000000,199.83834867189603
procstat,2,1565180663000000000,199.5552171635654
procstat,2,1565180664000000000,199.5915007124661
procstat,2,1565180665000000000,200.3787225310059
procstat,2,1565180666000000000,199.4863621138517
procstat,2,1565180667000000000,200.4442157386968
procstat,2,1565180668000000000,199.42415738034583
