name,threads,time,cpu_usage
procstat,3,1565180671000000000,298.4540317097446
procstat,3,1565180672000000000,298.66886928718907
procstat,3,1565180673000000000,300.0436914622198
procstat,3,1565180674000000000,298.8630660268272
procstat,3,1565180675000000000,300.30166799069605
procstat,3,1565180676000000000,299.00950431610437
procstat,3,1565180677000000000,299.3447228046506
procstat,3,1565180678000000000,299.38162085395754
