name,threads,time,cpu_usage
procstat,5,1565181664000000000,396.9884961186558
procstat,5,1565181665000000000,395.1695041738798
procstat,5,1565181666000000000,395.71647376787735
procstat,5,1565181667000000000,395.3193437473226
procstat,5,1565181668000000000,398.3973043294
procstat,5,1565181669000000000,395.0709915904597
procstat,5,1565181670000000000,394.40423179313973
procstat,5,1565181671000000000,396.22309073022217
procstat,5,1565181672000000000,397.4076563293857
