name,threads,time,cpu_usage
procstat,1,1565181619000000000,100.06595387045984
procstat,1,1565181620000000000,99.50169260871948
procstat,1,1565181621000000000,100.4732253099862
procstat,1,1565181622000000000,100.08173264770231
procstat,1,1565181623000000000,99.99862771883184
procstat,1,1565181624000000000,99.59139413753049
procstat,1,1565181625000000000,100.39417080603212
procstat,1,1565181626000000000,99.6316949009373
procstat,1,1565181627000000000,100.20029768967363
