name,threads,time,cpu_usage
procstat,7,1565181687000000000,395.10855147300725
procstat,7,1565181689000000000,394.79085625877616
procstat,7,1565181690000000000,394.8200410203303
procstat,7,1565181691000000000,397.57100379135596
procstat,7,1565181692000000000,394.09712612863854
procstat,7,1565181693000000000,395.0258079170935
procstat,7,1565181694000000000,397.49340170405134
procstat,7,1565181695000000000,394.00007988623184
procstat,7,1565181696000000000,395.58482331947306
