name,threads,time,cpu_usage
procstat,3,1565181641000000000,299.2776135725199
procstat,3,1565181642000000000,298.29763917676723
procstat,3,1565181643000000000,300.02524562429306
procstat,3,1565181644000000000,298.1304104818693
procstat,3,1565181645000000000,299.65807216018095
procstat,3,1565181646000000000,297.96463278388666
procstat,3,1565181647000000000,299.50030894000525
procstat,3,1565181648000000000,298.37313339279746
procstat,3,1565181649000000000,299.00319315510416
