name,threads,time,cpu_usage
procstat,8,1565181608000000000,394.5560755452551
procstat,8,1565181609000000000,395.6680684200078
procstat,8,1565181610000000000,397.2154767136757
procstat,8,1565181611000000000,394.74410986478614
procstat,8,1565181612000000000,396.14088172530336
procstat,8,1565181613000000000,394.83555099301134
procstat,8,1565181614000000000,394.98794293319537
procstat,8,1565181616000000000,393.8019313455593
