name,threads,time,usage_percent
docker_container_cpu,1,1565191864000000000,122.03483008110443
docker_container_cpu,1,1565191865000000000,103.28491391426563
docker_container_cpu,1,1565191866000000000,104.2101691978234
docker_container_cpu,1,1565191867000000000,107.72850701995873
docker_container_cpu,1,1565191868000000000,104.22762522460265
docker_container_cpu,1,1565191869000000000,105.08323574253242
docker_container_cpu,1,1565191870000000000,103.88162519162636
docker_container_cpu,1,1565191871000000000,103.99890246223468
docker_container_cpu,1,1565191872000000000,105.2766504066374
