name,threads,time,usage_percent
docker_container_cpu,3,1565191887000000000,299.3434151567344
docker_container_cpu,3,1565191888000000000,303.502824704852
docker_container_cpu,3,1565191889000000000,306.2597792900857
docker_container_cpu,3,1565191890000000000,304.6969090147614
docker_container_cpu,3,1565191891000000000,303.3730490422778
docker_container_cpu,3,1565191892000000000,300.91684046791494
docker_container_cpu,3,1565191893000000000,300.9486903952701
docker_container_cpu,3,1565191894000000000,301.760616959031
docker_container_cpu,3,1565191895000000000,302.03266006014724
