name,threads,time,usage_percent
docker_container_cpu,1,1565191504000000000,102.10132204821396
docker_container_cpu,1,1565191505000000000,107.08164209442064
docker_container_cpu,1,1565191506000000000,105.08983026573428
docker_container_cpu,1,1565191507000000000,103.52131152695652
docker_container_cpu,1,1565191508000000000,104.427015266436
docker_container_cpu,1,1565191509000000000,106.89747006607544
docker_container_cpu,1,1565191510000000000,104.59798020354117
docker_container_cpu,1,1565191511000000000,105.56326742492618
docker_container_cpu,1,1565191512000000000,102.77476439092024
