name,threads,time,usage_percent
docker_container_cpu,2,1565191514000000000,125.85751249213564
docker_container_cpu,2,1565191515000000000,204.12147641717792
docker_container_cpu,2,1565191516000000000,205.61468510067112
docker_container_cpu,2,1565191517000000000,207.70876812093516
docker_container_cpu,2,1565191518000000000,205.38112463848145
docker_container_cpu,2,1565191519000000000,206.7944487704346
docker_container_cpu,2,1565191520000000000,206.7337602963932
docker_container_cpu,2,1565191521000000000,206.9611802572078
docker_container_cpu,2,1565191522000000000,204.01524022848582
