name,threads,time,usage_percent
docker_container_cpu,5,1565191549000000000,396.5001575749177
docker_container_cpu,5,1565191550000000000,404.26679700638044
docker_container_cpu,5,1565191551000000000,401.9527652498703
docker_container_cpu,5,1565191552000000000,401.2787093191865
docker_container_cpu,5,1565191553000000000,394.85587396819847
docker_container_cpu,5,1565191544000000000,401.690091042854
docker_container_cpu,5,1565191555000000000,403.60943621040184
docker_container_cpu,5,1565191556000000000,401.781404442022
docker_container_cpu,5,1565191557000000000,402.66879213186536
