name,threads,time,cpu_usage
procstat,7,1565184442000000000,697.8169720112502
procstat,7,1565184443000000000,700.4499235016124
procstat,7,1565184444000000000,699.8359409595407
procstat,7,1565184445000000000,700.1814156044201
procstat,7,1565184446000000000,701.6130723270163
procstat,7,1565184447000000000,700.2914262770453
procstat,7,1565184448000000000,699.3716111105589
procstat,7,1565184449000000000,699.0121470078667
