name,threads,time,cpu_usage
procstat,5,1565184421000000000,500.26292852879965
procstat,5,1565184422000000000,500.2842294810006
procstat,5,1565184423000000000,498.9343038785085
procstat,5,1565184424000000000,501.0980720767748
procstat,5,1565184425000000000,499.88090487405645
procstat,5,1565184426000000000,500.41157951674455
procstat,5,1565184427000000000,499.7761367743831
procstat,5,1565184428000000000,498.9984544905637
