name,threads,time,cpu_usage
procstat,8,1565184452000000000,802.4887892241286
procstat,8,1565184453000000000,800.2011809795137
procstat,8,1565184454000000000,797.7277371566561
procstat,8,1565184455000000000,801.7493127730597
procstat,8,1565184456000000000,799.9942624411498
procstat,8,1565184457000000000,800.1059660341417
procstat,8,1565184458000000000,798.4239552463313
procstat,8,1565184459000000000,801.3958218030721
procstat,8,1565184460000000000,798.8003063138249
