name,threads,time,cpu_usage
procstat,3,1565184400000000000,299.74712103905955
procstat,3,1565184401000000000,300.0087287539631
procstat,3,1565184402000000000,299.92476477253115
procstat,3,1565184403000000000,300.03227477182946
procstat,3,1565184404000000000,300.18655934252706
procstat,3,1565184405000000000,299.21806480154044
procstat,3,1565184406000000000,300.15758594501017
procstat,3,1565184407000000000,299.660374358105
procstat,3,1565184408000000000,300.52585338145764
