name,threads,time,cpu_usage
procstat,2,1565181724000000000,199.05304504881593
procstat,2,1565181725000000000,200.59486245986585
procstat,2,1565181726000000000,198.73754183633733
procstat,2,1565181727000000000,199.91639778954502
procstat,2,1565181728000000000,199.77859922452092
procstat,2,1565181729000000000,199.0315581043881
procstat,2,1565181730000000000,199.88001024873864
procstat,2,1565181731000000000,200.06476327617864
procstat,2,1565181732000000000,200.1335719618773
procstat,2,1565181733000000000,200.02110382662255
