name,threads,time,cpu_usage
procstat,4,1565183984000000000,400.5617048748141
procstat,4,1565183985000000000,399.7044665115506
procstat,4,1565183986000000000,398.97051972746834
procstat,4,1565183987000000000,401.1800097238452
procstat,4,1565183988000000000,398.70160518217926
procstat,4,1565183989000000000,400.8468836415573
procstat,4,1565183990000000000,400.17216561290314
procstat,4,1565183991000000000,398.9988529304283
