name,threads,time,cpu_usage
procstat,6,1565184004000000000,601.1204187305452
procstat,6,1565184005000000000,599.5886707796602
procstat,6,1565184006000000000,599.1647552984796
procstat,6,1565184007000000000,601.2056152676249
procstat,6,1565184008000000000,599.6890636192696
procstat,6,1565184009000000000,599.8014385971264
procstat,6,1565184010000000000,600.5396413363937
procstat,6,1565184011000000000,599.6542711289433
