name,threads,time,cpu_usage
procstat,7,1565184014000000000,701.4842791312063
procstat,7,1565184015000000000,700.4628076849052
procstat,7,1565184016000000000,699.6647304564716
procstat,7,1565184017000000000,700.4328633069266
procstat,7,1565184018000000000,697.8981181092136
procstat,7,1565184019000000000,701.8117625049033
procstat,7,1565184020000000000,700.1847829653333
procstat,7,1565184021000000000,700.3374484951706
