name,threads,time,cpu_usage
procstat,3,1565183974000000000,299.5020003533944
procstat,3,1565183975000000000,300.6766889642974
procstat,3,1565183976000000000,299.31494443771703
procstat,3,1565183977000000000,300.2070349391538
procstat,3,1565183978000000000,300.15935850550204
procstat,3,1565183979000000000,299.8577759575745
procstat,3,1565183980000000000,300.05164819025464
procstat,3,1565183981000000000,299.9682666570386
