name,threads,time,cpu_usage
procstat,5,1565183994000000000,500.0855461337784
procstat,5,1565183995000000000,500.3107532561762
procstat,5,1565183996000000000,500.21849085312914
procstat,5,1565183997000000000,499.9764961049182
procstat,5,1565183998000000000,499.37077584383036
procstat,5,1565183999000000000,500.6671550053936
procstat,5,1565184000000000000,500.1020723332698
procstat,5,1565184001000000000,499.8034477959232
