name,threads,time,cpu_usage
procstat,6,1565184431000000000,599.2587143692023
procstat,6,1565184432000000000,599.1593955453536
procstat,6,1565184433000000000,600.791474277132
procstat,6,1565184434000000000,600.0791366363021
procstat,6,1565184435000000000,599.8231145628079
procstat,6,1565184436000000000,599.4190695004881
procstat,6,1565184437000000000,600.9607081666683
procstat,6,1565184438000000000,600.0515216237497
procstat,6,1565184439000000000,599.9644317086306
