name,threads,time,cpu_usage
procstat,4,1565184411000000000,399.6054040492958
procstat,4,1565184412000000000,400.3841317390635
procstat,4,1565184413000000000,400.0553288521462
procstat,4,1565184414000000000,399.9869664246991
procstat,4,1565184415000000000,399.86159030968383
procstat,4,1565184416000000000,400.13607147287325
procstat,4,1565184417000000000,399.8280723295859
procstat,4,1565184418000000000,398.652847057886
