name,threads,time,cpu_usage
procstat,1,1565181533000000000,100.68342397945896
procstat,1,1565181534000000000,99.45500422523372
procstat,1,1565181535000000000,99.82714074918071
procstat,1,1565181536000000000,99.94278964897848
procstat,1,1565181537000000000,100.1530231029278
procstat,1,1565181538000000000,99.86921686626808
procstat,1,1565181539000000000,100.01061442654095
procstat,1,1565181540000000000,100.13051993247092
