name,threads,time,cpu_usage
procstat,5,1565181575000000000,395.8608345546867
procstat,5,1565181576000000000,396.24056924670197
procstat,5,1565181577000000000,398.84114618017884
procstat,5,1565181578000000000,395.6616339995868
procstat,5,1565181579000000000,394.39006944735877
procstat,5,1565181580000000000,395.36216874523393
procstat,5,1565181581000000000,396.5008122709395
procstat,5,1565181582000000000,394.8115132735254
procstat,5,1565181583000000000,395.71038086060724
