name,threads,time,cpu_usage
procstat,6,1565181586000000000,392.3811824220393
procstat,6,1565181587000000000,393.0536400577725
procstat,6,1565181588000000000,396.3070400102815
procstat,6,1565181589000000000,395.43500515359466
procstat,6,1565181590000000000,395.52397908670616
procstat,6,1565181591000000000,396.40043452319605
procstat,6,1565181592000000000,398.85623895035513
procstat,6,1565181593000000000,395.75257599654486
procstat,6,1565181594000000000,395.28382352621435
