name,threads,time,cpu_usage
procstat,4,1565181565000000000,397.25846866572334
procstat,4,1565181566000000000,394.65725770473495
procstat,4,1565181567000000000,396.8871176764666
procstat,4,1565181568000000000,394.67722975931815
procstat,4,1565181569000000000,396.90540661720763
procstat,4,1565181570000000000,394.72131293782013
procstat,4,1565181571000000000,395.50512351979756
procstat,4,1565181572000000000,396.54348259525136
