name,threads,time,cpu_usage
procstat,7,1565181597000000000,393.717123007582
procstat,7,1565181598000000000,396.5625255961779
procstat,7,1565181599000000000,397.6253949956297
procstat,7,1565181600000000000,395.9331010400513
procstat,7,1565181601000000000,395.3601609163233
procstat,7,1565181602000000000,390.0211295437457
procstat,7,1565181603000000000,396.0389134410628
procstat,7,1565181604000000000,396.59569975601715
procstat,7,1565181605000000000,395.2470568774871
