name,threads,time,usage_percent
docker_container_cpu,3,1565190807000000000,304.6197302585315
docker_container_cpu,3,1565190808000000000,305.69576599028187
docker_container_cpu,3,1565190809000000000,306.3480982254196
docker_container_cpu,3,1565190810000000000,305.1344337787759
docker_container_cpu,3,1565190811000000000,305.1348667496887
docker_container_cpu,3,1565190812000000000,304.5283482152132
docker_container_cpu,3,1565190813000000000,305.12160428149434
docker_container_cpu,3,1565190814000000000,304.7947693685739
docker_container_cpu,3,1565190815000000000,304.98609202513967
