name,threads,time,usage_percent
docker_container_cpu,5,1565190827000000000,398.01828035833483
docker_container_cpu,5,1565190828000000000,399.50701936753967
docker_container_cpu,5,1565190829000000000,405.49407219004684
docker_container_cpu,5,1565190830000000000,400.59591030966385
docker_container_cpu,5,1565190831000000000,397.3604295184928
docker_container_cpu,5,1565190832000000000,400.080085184248
docker_container_cpu,5,1565190833000000000,401.11228108672935
