name,threads,time,usage_percent
docker_container_cpu,8,1565190856000000000,397.4996286699507
docker_container_cpu,8,1565190857000000000,403.56541197994727
docker_container_cpu,8,1565190858000000000,399.27014592771087
docker_container_cpu,8,1565190859000000000,402.9345037701348
docker_container_cpu,8,1565190860000000000,409.29127477871526
docker_container_cpu,8,1565190861000000000,401.0781772128033
docker_container_cpu,8,1565190862000000000,404.0924638877674
docker_container_cpu,8,1565190863000000000,404.7767880254757
docker_container_cpu,8,1565190864000000000,415.1576860235947
