name,threads,time,usage_percent
docker_container_cpu,1,1565190786000000000,105.75074007168459
docker_container_cpu,1,1565190787000000000,104.88179454769886
docker_container_cpu,1,1565190788000000000,103.1149353271028
docker_container_cpu,1,1565190789000000000,105.723547558342
docker_container_cpu,1,1565190790000000000,104.07122625590759
docker_container_cpu,1,1565190791000000000,105.5680982254196
docker_container_cpu,1,1565190792000000000,103.26293337548296
