name,threads,time,usage_percent
docker_container_cpu,5,1565191305000000000,344.00863487105596
docker_container_cpu,5,1565191306000000000,404.014443396687
docker_container_cpu,5,1565191307000000000,398.01746426638914
docker_container_cpu,5,1565191308000000000,406.4987325814795
docker_container_cpu,5,1565191309000000000,400.9558103991671
docker_container_cpu,5,1565191310000000000,405.819952508497
docker_container_cpu,5,1565191311000000000,405.819952508497
docker_container_cpu,5,1565191312000000000,405.819952508497
docker_container_cpu,5,1565191313000000000,400.9558103991671
