name,threads,time,usage_percent
docker_container_cpu,8,1565191336000000000,380.1452216342414
docker_container_cpu,8,1565191337000000000,414.40175169616765
docker_container_cpu,8,1565191338000000000,392.44724166666674
docker_container_cpu,8,1565191339000000000,405.0029051963008
docker_container_cpu,8,1565191340000000000,392.0154840979021
docker_container_cpu,8,1565191341000000000,396.4425654251298
docker_container_cpu,8,1565191342000000000,405.00058434883516
docker_container_cpu,8,1565191343000000000,396.6567245255816
docker_container_cpu,8,1565191344000000000,403.55221059499337
