name,threads,time,cpu_usage
procstat,1,1565180651000000000,99.43511240777016
procstat,1,1565180652000000000,100.02301359503704
procstat,1,1565180653000000000,99.96031485535957
procstat,1,1565180654000000000,99.89289972766407
procstat,1,1565180655000000000,99.81452948081112
procstat,1,1565180656000000000,100.16059273428274
procstat,1,1565180657000000000,100.07727877397377
procstat,1,1565180658000000000,100.0917580181538
