name,threads,time,cpu_usage
procstat,5,1565180692000000000,394.0346346389823
procstat,5,1565180693000000000,398.0734279158786
procstat,5,1565180694000000000,395.4007178614305
procstat,5,1565180695000000000,394.15679652562136
procstat,5,1565180696000000000,394.32440718142266
procstat,5,1565180697000000000,397.30443339777855
procstat,5,1565180698000000000,394.64663935848097
procstat,5,1565180699000000000,395.6479261001632
