name,threads,time,usage_percent
docker_container_cpu,7,1565190847000000000,399.9935075512618
docker_container_cpu,7,1565190848000000000,406.7471907677645
docker_container_cpu,7,1565190849000000000,408.1135467395389
docker_container_cpu,7,1565190850000000000,406.9074280346009
docker_container_cpu,7,1565190851000000000,397.2771239197908
docker_container_cpu,7,1565190852000000000,398.12251292909485
docker_container_cpu,7,1565190853000000000,404.4271862461433
