name,threads,time,usage_percent
docker_container_cpu,6,1565190837000000000,406.12762839894083
docker_container_cpu,6,1565190838000000000,405.14438547599036
docker_container_cpu,6,1565190839000000000,403.9493415247231
docker_container_cpu,6,1565190840000000000,406.0724885422174
docker_container_cpu,6,1565190841000000000,401.912687761079
docker_container_cpu,6,1565190842000000000,406.4347174089878
docker_container_cpu,6,1565190843000000000,399.57922850456254
