name,threads,time,usage_percent
docker_container_cpu,2,1565190796000000000,202.68660535290005
docker_container_cpu,2,1565190797000000000,205.2270609205309
docker_container_cpu,2,1565190798000000000,203.90609202513969
docker_container_cpu,2,1565190799000000000,205.37524609205312
docker_container_cpu,2,1565190800000000000,208.88179454769886
docker_container_cpu,2,1565190801000000000,206.47573025853148
docker_container_cpu,2,1565190802000000000,204.723547558342
