name,threads,time,usage_percent
docker_container_cpu,4,1565190817000000000,400.7676293015817
docker_container_cpu,4,1565190818000000000,405.8194913414435
docker_container_cpu,4,1565190819000000000,400.5787312779608
docker_container_cpu,4,1565190820000000000,403.7848247614286
docker_container_cpu,4,1565190821000000000,406.1358922633316
docker_container_cpu,4,1565190822000000000,405.87207801252197
docker_container_cpu,4,1565190823000000000,402.97131199721633
docker_container_cpu,4,1565190824000000000,403.67676771334015
docker_container_cpu,4,1565190825000000000,387.07250312051895
