name,threads,time,cpu_usage
procstat,4,1565180138000000000,394.6772902330623
procstat,4,1565180139000000000,392.5166611769158
procstat,4,1565180140000000000,395.21544536440933
procstat,4,1565180141000000000,396.1428100802044
procstat,4,1565180142000000000,395.1990565324206
procstat,4,1565180143000000000,394.70908302045314
procstat,4,1565180144000000000,397.220687965632
procstat,4,1565180145000000000,395.18160128666085
