name,threads,time,cpu_usage
procstat,5,1565180148000000000,395.4540714515312
procstat,5,1565180149000000000,395.8905789640626
procstat,5,1565180150000000000,394.4059924720664
procstat,5,1565180151000000000,396.7872497106612
procstat,5,1565180152000000000,374.3664250603273
procstat,5,1565180153000000000,396.97266828434175
procstat,5,1565180154000000000,396.1390438125186
procstat,5,1565180155000000000,394.9191213176165
procstat,5,1565180156000000000,396.36684487603117
