name,threads,time,cpu_usage
procstat,7,1565180169000000000,394.91920703072225
procstat,7,1565180170000000000,395.1949767631458
procstat,7,1565180171000000000,398.42868365187934
procstat,7,1565180172000000000,394.9126014556362
procstat,7,1565180173000000000,395.78920615570433
procstat,7,1565180175000000000,397.68107296788287
procstat,7,1565180176000000000,394.30969265158416
