name,threads,time,cpu_usage
procstat,2,1565180118000000000,199.67890840920955
procstat,2,1565180119000000000,200.31240361906097
procstat,2,1565180120000000000,200.09066979930736
procstat,2,1565180121000000000,199.38465344338115
procstat,2,1565180122000000000,198.91121906347854
procstat,2,1565180123000000000,200.13896740173786
procstat,2,1565180124000000000,199.97626808998402
procstat,2,1565180125000000000,199.49639767758725
