name,threads,time,cpu_usage
procstat,3,1565183122000000000,300.3774053489141
procstat,3,1565183123000000000,299.58398595425234
procstat,3,1565183124000000000,300.8170860650985
procstat,3,1565183125000000000,299.29878369048384
procstat,3,1565183126000000000,299.93923411080436
procstat,3,1565183127000000000,300.59723247358386
procstat,3,1565183128000000000,300.19687811857654
procstat,3,1565183129000000000,299.8792814960788
