name,threads,time,cpu_usage
procstat,2,1565183112000000000,200.32058404828462
procstat,2,1565183113000000000,199.44193832131214
procstat,2,1565183114000000000,200.20479028079743
procstat,2,1565183115000000000,199.9680113171977
procstat,2,1565183116000000000,199.94876312944803
procstat,2,1565183117000000000,200.30131908303485
procstat,2,1565183118000000000,200.0919924936409
procstat,2,1565183119000000000,199.53731865209176
