name,threads,time,cpu_usage
procstat,5,1565183142000000000,500.88990454624235
procstat,5,1565183143000000000,498.7296811405996
procstat,5,1565183144000000000,500.8176755032583
procstat,5,1565183145000000000,500.21046055001364
procstat,5,1565183146000000000,500.041054370646
procstat,5,1565183147000000000,500.0591394941322
procstat,5,1565183148000000000,500.17740142020347
procstat,5,1565183149000000000,499.61608051486604
