name,threads,time,cpu_usage
procstat,8,1565183092000000000,800.4845076569806
procstat,8,1565183093000000000,801.8237358051063
procstat,8,1565183094000000000,799.7184103508129
procstat,8,1565183095000000000,799.0530821950734
procstat,8,1565183096000000000,801.2563452031301
procstat,8,1565183097000000000,798.2255020434537
procstat,8,1565183098000000000,800.6290430303022
procstat,8,1565183099000000000,800.5971150392239
