name,threads,time,cpu_usage
procstat,5,1565183061000000000,499.4595085889703
procstat,5,1565183062000000000,501.00519656661936
procstat,5,1565183063000000000,498.89976172908035
procstat,5,1565183064000000000,501.6057013015608
procstat,5,1565183065000000000,499.1817617226365
procstat,5,1565183066000000000,500.8047852770637
procstat,5,1565183067000000000,499.9404192491726
procstat,5,1565183068000000000,498.8397152839601
procstat,5,1565183069000000000,500.39652421371744
