name,threads,time,cpu_usage
procstat,2,1565183031000000000,200.6675756733933
procstat,2,1565183032000000000,199.74083885821238
procstat,2,1565183033000000000,199.38889707736004
procstat,2,1565183034000000000,200.87693776600122
procstat,2,1565183035000000000,199.85892138612385
procstat,2,1565183036000000000,200.13676445867668
procstat,2,1565183037000000000,199.85567126431172
procstat,2,1565183038000000000,200.1319138145954
