name,threads,time,cpu_usage
procstat,7,1565183082000000000,701.1452085148758
procstat,7,1565183083000000000,700.340003165757
procstat,7,1565183084000000000,697.9360494956297
procstat,7,1565183085000000000,700.2752151623109
procstat,7,1565183086000000000,701.4106511493976
procstat,7,1565183087000000000,700.1349476748172
procstat,7,1565183088000000000,699.8345542125422
procstat,7,1565183089000000000,700.0449876910892
