name,threads,time,cpu_usage
procstat,6,1565183072000000000,599.3187733921859
procstat,6,1565183073000000000,600.5528593534752
procstat,6,1565183074000000000,600.8427060487107
procstat,6,1565183075000000000,600.0829446647774
procstat,6,1565183076000000000,600.1636832414938
procstat,6,1565183077000000000,599.0045251977162
procstat,6,1565183078000000000,600.3311544320727
procstat,6,1565183079000000000,600.0002196000803
