name,threads,time,cpu_usage
procstat,1,1565184463000000000,99.83472530944056
procstat,1,1565184464000000000,100.29170051707962
procstat,1,1565184465000000000,99.72229435191174
procstat,1,1565184466000000000,100.23710817298128
procstat,1,1565184467000000000,99.87827425215966
procstat,1,1565184468000000000,99.90076716935994
procstat,1,1565184469000000000,99.98006417516359
procstat,1,1565184470000000000,100.27180236270536
