name,threads,time,usage_percent
docker_container_cpu,6,1565190999000000000,389.38118988710227
docker_container_cpu,6,1565191000000000000,398.50148702342005
docker_container_cpu,6,1565191001000000000,414.67382936831206
docker_container_cpu,6,1565191002000000000,407.2028805582216
docker_container_cpu,6,1565191003000000000,390.4507256208696
docker_container_cpu,6,1565191004000000000,400.1176459579477
docker_container_cpu,6,1565191005000000000,411.9919528349983
