name,threads,time,usage_percent
docker_container_cpu,7,1565191010000000000,409.9050934446184
docker_container_cpu,7,1565191011000000000,408.92707485625687
docker_container_cpu,7,1565191012000000000,398.9392092029237
docker_container_cpu,7,1565191013000000000,405.13851489321036
docker_container_cpu,7,1565191014000000000,401.6533878917379
docker_container_cpu,7,1565191015000000000,401.18460295404236
docker_container_cpu,7,1565191016000000000,393.52751514018684
