name,threads,time,usage_percent
docker_container_cpu,5,1565190989000000000,398.8408184712927
docker_container_cpu,5,1565190990000000000,399.6561374458651
docker_container_cpu,5,1565190991000000000,399.07215661228736
docker_container_cpu,5,1565190992000000000,400.44413586868245
docker_container_cpu,5,1565190993000000000,404.8730278425861
docker_container_cpu,5,1565190994000000000,400.7312721177693
docker_container_cpu,5,1565190995000000000,401.00607967753234
