name,threads,time,usage_percent
docker_container_cpu,2,1565190958000000000,205.38452712160083
docker_container_cpu,2,1565190959000000000,206.85102311002285
docker_container_cpu,2,1565190960000000000,208.71136474611046
docker_container_cpu,2,1565190961000000000,204.47481136273367
docker_container_cpu,2,1565190962000000000,203.0619241338651
docker_container_cpu,2,1565190963000000000,207.56225152103008
docker_container_cpu,2,1565190964000000000,205.32336492718025
