name,threads,time,cpu_usage
procstat,6,1565183152000000000,601.7014964644418
procstat,6,1565183153000000000,597.9892853682168
procstat,6,1565183154000000000,602.6944411506701
procstat,6,1565183155000000000,599.5810703078517
procstat,6,1565183156000000000,600.4218077279431
procstat,6,1565183157000000000,600.0422303721314
procstat,6,1565183158000000000,597.1137358359471
procstat,6,1565183159000000000,602.4123991145426
procstat,6,1565183160000000000,599.3275336958194
