name,threads,time,cpu_usage
procstat,4,1565183132000000000,399.9872040093566
procstat,4,1565183133000000000,400.6796360040272
procstat,4,1565183134000000000,400.3914947957814
procstat,4,1565183135000000000,399.18911184984773
procstat,4,1565183136000000000,400.39647838416664
procstat,4,1565183137000000000,400.24827840982874
procstat,4,1565183138000000000,399.1642072596383
procstat,4,1565183139000000000,400.48187250902237
