name,threads,time,cpu_usage
procstat,8,1565183173000000000,798.7692275103203
procstat,8,1565183174000000000,800.5855677525881
procstat,8,1565183175000000000,800.0602938286581
procstat,8,1565183176000000000,801.4134641465038
procstat,8,1565183177000000000,798.6833569575418
procstat,8,1565183178000000000,800.6482785059201
procstat,8,1565183179000000000,800.1463556368178
procstat,8,1565183180000000000,797.3959345438975
