name,threads,time,cpu_usage
procstat,7,1565183163000000000,701.5868020224988
procstat,7,1565183164000000000,699.5019441232553
procstat,7,1565183165000000000,699.1762230505847
procstat,7,1565183166000000000,698.563305040464
procstat,7,1565183167000000000,702.3904345215352
procstat,7,1565183168000000000,699.7822900319659
procstat,7,1565183169000000000,699.8800251663258
procstat,7,1565183170000000000,700.5706063520264
