name,threads,time,cpu_usage
procstat,1,1565183102000000000,100.10714257244528
procstat,1,1565183103000000000,99.97912375908436
procstat,1,1565183104000000000,100.09089133733272
procstat,1,1565183105000000000,99.9143965423033
procstat,1,1565183106000000000,99.24515627824483
procstat,1,1565183107000000000,100.03255279339514
procstat,1,1565183108000000000,100.21533519611928
procstat,1,1565183109000000000,99.7813079105143
