name,threads,time,usage_percent
docker_container_cpu,6,1565191561000000000,401.95342585365853
docker_container_cpu,6,1565191562000000000,400.5644783912506
docker_container_cpu,6,1565191563000000000,398.1952277810395
docker_container_cpu,6,1565191564000000000,413.0738484812136
docker_container_cpu,6,1565191565000000000,391.18581500259387
docker_container_cpu,6,1565191566000000000,410.3549409084224
docker_container_cpu,6,1565191567000000000,410.3305715377588
docker_container_cpu,6,1565191568000000000,410.4735293340649
docker_container_cpu,6,1565191569000000000,409.3591233975344
