name,threads,time,cpu_usage
procstat,5,1565184075000000000,500.9944055321991
procstat,5,1565184076000000000,500.3609103246172
procstat,5,1565184077000000000,500.0267469307199
procstat,5,1565184078000000000,498.902268244436
procstat,5,1565184079000000000,500.88625736774736
procstat,5,1565184080000000000,498.95825581675336
procstat,5,1565184081000000000,500.75896505084313
procstat,5,1565184082000000000,499.3789150228957
