name,threads,time,cpu_usage
procstat,2,1565184044000000000,200.1030360548102
procstat,2,1565184045000000000,199.81027215417873
procstat,2,1565184046000000000,199.56933318984798
procstat,2,1565184047000000000,200.63672674128884
procstat,2,1565184048000000000,199.9271101743184
procstat,2,1565184049000000000,199.35472821500045
procstat,2,1565184050000000000,200.08879700704614
procstat,2,1565184051000000000,200.14746287524704
procstat,2,1565184052000000000,199.96253521936387
