name,threads,time,cpu_usage
procstat,7,1565184095000000000,700.0683581748339
procstat,7,1565184096000000000,699.0832758519548
procstat,7,1565184097000000000,701.1901944509929
procstat,7,1565184098000000000,700.2897581929577
procstat,7,1565184099000000000,699.9327707574357
procstat,7,1565184100000000000,697.7569323022168
procstat,7,1565184101000000000,702.4575798183039
procstat,7,1565184102000000000,699.7156278719609
