name,threads,time,cpu_usage
procstat,4,1565184065000000000,399.82780220183287
procstat,4,1565184066000000000,400.91414695441136
procstat,4,1565184067000000000,398.085344720884
procstat,4,1565184068000000000,400.5258411647711
procstat,4,1565184069000000000,399.9639296529682
procstat,4,1565184070000000000,401.08219559018715
procstat,4,1565184071000000000,399.2277469610066
procstat,4,1565184072000000000,401.09252199672966
