name,threads,time,cpu_usage
procstat,3,1565184055000000000,300.0579417886753
procstat,3,1565184056000000000,301.0968221437802
procstat,3,1565184057000000000,299.0068895542018
procstat,3,1565184058000000000,300.0645642921696
procstat,3,1565184059000000000,300.0007038016511
procstat,3,1565184060000000000,299.90968279884447
procstat,3,1565184061000000000,300.03459458882526
procstat,3,1565184062000000000,299.8130737440344
