name,threads,time,cpu_usage
procstat,6,1565184085000000000,601.3320702035745
procstat,6,1565184086000000000,600.2553666406299
procstat,6,1565184087000000000,599.8929718950983
procstat,6,1565184088000000000,599.1233999734709
procstat,6,1565184089000000000,601.134632347325
procstat,6,1565184090000000000,598.0964267809964
procstat,6,1565184091000000000,600.2912732323766
procstat,6,1565184092000000000,600.9376138163777
