name,threads,time,usage_percent
docker_container_cpu,6,1565191833000000000,394.28277463073164
docker_container_cpu,6,1565191834000000000,408.05880829639887
docker_container_cpu,6,1565191835000000000,392.20113281064056
docker_container_cpu,6,1565191836000000000,410.67763712364194
docker_container_cpu,6,1565191837000000000,400.883564816994
docker_container_cpu,6,1565191838000000000,409.337464663653
docker_container_cpu,6,1565191839000000000,405.43091932936034
docker_container_cpu,6,1565191840000000000,408.99058386449883
