name,threads,time,usage_percent
docker_container_cpu,3,1565191799000000000,225.59547911943142
docker_container_cpu,3,1565191800000000000,303.65493201977404
docker_container_cpu,3,1565191801000000000,302.74083470230863
docker_container_cpu,3,1565191802000000000,305.35499991057605
docker_container_cpu,3,1565191803000000000,303.25555353884096
docker_container_cpu,3,1565191804000000000,302.5870372136913
docker_container_cpu,3,1565191805000000000,303.03792559353434
docker_container_cpu,3,1565191806000000000,302.96540029797404
docker_container_cpu,3,1565191807000000000,304.10586002126064
