name,threads,time,usage_percent
docker_container_cpu,1,1565191779000000000,67.49929097087379
docker_container_cpu,1,1565191780000000000,107.01099481507572
docker_container_cpu,1,1565191781000000000,102.93374066444014
docker_container_cpu,1,1565191782000000000,102.93149323933731
docker_container_cpu,1,1565191783000000000,103.44753669444445
docker_container_cpu,1,1565191774000000000,102.08643356856658
docker_container_cpu,1,1565191785000000000,102.81138667482504
docker_container_cpu,1,1565191786000000000,102.09067941914913
docker_container_cpu,1,1565191787000000000,104.22149928918402
