name,threads,time,usage_percent
docker_container_cpu,1,1565191418000000000,90.32492166085136
docker_container_cpu,1,1565191419000000000,106.75560295358649
docker_container_cpu,1,1565191420000000000,105.12355738058015
docker_container_cpu,1,1565191421000000000,103.70411532846715
docker_container_cpu,1,1565191422000000000,106.30543918496392
docker_container_cpu,1,1565191423000000000,103.88513220329874
docker_container_cpu,1,1565191424000000000,104.3181964364343
docker_container_cpu,1,1565191425000000000,105.79392780556343
docker_container_cpu,1,1565191426000000000,104.38997282070599
