name,threads,time,usage_percent
docker_container_cpu,5,1565191461000000000,405.2857700960028
docker_container_cpu,5,1565191462000000000,396.779323480663
docker_container_cpu,5,1565191463000000000,409.64076281805745
docker_container_cpu,5,1565191464000000000,397.80406120097183
docker_container_cpu,5,1565191465000000000,404.3302150554017
docker_container_cpu,5,1565191466000000000,404.07373176174906
docker_container_cpu,5,1565191467000000000,399.4851058708378
docker_container_cpu,5,1565191468000000000,403.5574024573186
docker_container_cpu,5,1565191469000000000,398.7667171589493
