name,threads,time,usage_percent
docker_container_cpu,7,1565191165000000000,406.8756014091384
docker_container_cpu,7,1565191166000000000,394.200300812727
docker_container_cpu,7,1565191167000000000,407.2240519673555
docker_container_cpu,7,1565191168000000000,404.8343823686055
docker_container_cpu,7,1565191169000000000,406.5192668008325
docker_container_cpu,7,1565191170000000000,405.0504442529492
docker_container_cpu,7,1565191171000000000,405.39555776203855
