name,threads,time,cpu_usage
procstat,3,1565183041000000000,300.1859685983516
procstat,3,1565183042000000000,299.68886151547366
procstat,3,1565183043000000000,300.16987810092263
procstat,3,1565183044000000000,300.1096195401813
procstat,3,1565183045000000000,300.1061592526678
procstat,3,1565183046000000000,299.96933473484864
procstat,3,1565183047000000000,299.22876937104746
procstat,3,1565183048000000000,300.6318036035907
