name,threads,time,cpu_usage
procstat,4,1565183051000000000,400.0710214078624
procstat,4,1565183052000000000,399.8487902151954
procstat,4,1565183053000000000,399.1718833861092
procstat,4,1565183054000000000,400.99120805671515
procstat,4,1565183055000000000,400.2196497258664
procstat,4,1565183056000000000,400.1192239252722
procstat,4,1565183057000000000,399.6579685036284
procstat,4,1565183058000000000,399.63502971239984
