name,threads,time,cpu_usage
procstat,1,1565183021000000000,99.94499766921273
procstat,1,1565183022000000000,100.01145771264142
procstat,1,1565183023000000000,99.12888192018411
procstat,1,1565183024000000000,100.05358209503369
procstat,1,1565183025000000000,100.81840306947596
procstat,1,1565183026000000000,99.82700299826809
procstat,1,1565183027000000000,99.35258573489136
procstat,1,1565183028000000000,99.99701398916515
