name,threads,time,cpu_usage
procstat,6,1565180239000000000,394.911642469114
procstat,6,1565180240000000000,395.4486312159018
procstat,6,1565180241000000000,396.1645522797738
procstat,6,1565180242000000000,396.57043716030114
procstat,6,1565180243000000000,394.92711081541563
procstat,6,1565180244000000000,396.3572471044414
procstat,6,1565180245000000000,395.37872403607264
procstat,6,1565180246000000000,395.36749210707603
