name,threads,time,cpu_usage
procstat,6,1565182991000000000,600.8466512136854
procstat,6,1565182992000000000,598.2013252542155
procstat,6,1565182993000000000,600.0012870027605
procstat,6,1565182994000000000,600.0035988215858
procstat,6,1565182995000000000,601.573636489859
procstat,6,1565182996000000000,600.0014364034387
procstat,6,1565182997000000000,600.0965765425458
procstat,6,1565182998000000000,598.245235119979
