name,threads,time,cpu_usage
procstat,7,1565183001000000000,699.4079043486392
procstat,7,1565183002000000000,698.1680661475734
procstat,7,1565183003000000000,701.8603385867523
procstat,7,1565183004000000000,698.2928480088103
procstat,7,1565183005000000000,701.1666851308894
procstat,7,1565183006000000000,700.0108312675923
procstat,7,1565183007000000000,698.8822482672917
procstat,7,1565183008000000000,699.7095310259117
