name,threads,time,cpu_usage
procstat,4,1565184495000000000,399.99141803949067
procstat,4,1565184496000000000,400.04095979383237
procstat,4,1565184497000000000,400.0233781662668
procstat,4,1565184498000000000,400.0640462531646
procstat,4,1565184499000000000,400.0718605075125
procstat,4,1565184500000000000,399.9334070883857
procstat,4,1565184501000000000,400.2596047773222
procstat,4,1565184502000000000,399.5379259982866
procstat,4,1565184503000000000,400.04719516780267
