name,threads,time,cpu_usage
procstat,6,1565180320000000000,396.158393787785
procstat,6,1565180321000000000,395.0652598868412
procstat,6,1565180322000000000,396.1725375766119
procstat,6,1565180323000000000,397.03114016344773
procstat,6,1565180324000000000,395.75817157350167
procstat,6,1565180325000000000,393.4978000048615
procstat,6,1565180326000000000,397.0795703926132
procstat,6,1565180327000000000,395.028655348732
