name,threads,time,cpu_usage
procstat,7,1565180330000000000,395.9507222237794
procstat,7,1565180331000000000,395.7665527650527
procstat,7,1565180333000000000,397.8267935443448
procstat,7,1565180334000000000,395.2243870840748
procstat,7,1565180335000000000,396.1352508407948
procstat,7,1565180336000000000,397.151238087284
procstat,7,1565180337000000000,396.18265151677264
