name,threads,time,cpu_usage
procstat,2,1565180280000000000,198.1862701643127
procstat,2,1565180281000000000,199.4690761821845
procstat,2,1565180282000000000,199.79883673700687
procstat,2,1565180283000000000,200.813487043809
procstat,2,1565180284000000000,199.37762022878482
procstat,2,1565180285000000000,199.80456456185144
procstat,2,1565180286000000000,200.1887221122984
procstat,2,1565180287000000000,200.07549648784487
