name,threads,time,cpu_usage
procstat,5,1565184155000000000,499.9297857578789
procstat,5,1565184156000000000,499.74396417585785
procstat,5,1565184157000000000,500.3476465482983
procstat,5,1565184158000000000,499.4395184841275
procstat,5,1565184159000000000,499.9115111633205
procstat,5,1565184160000000000,500.19129566006865
procstat,5,1565184161000000000,499.88416184317566
procstat,5,1565184162000000000,500.43337580387947
procstat,5,1565184163000000000,499.0872430928503
