name,threads,time,cpu_usage
procstat,6,1565184166000000000,597.7896047463797
procstat,6,1565184167000000000,602.0990665226817
procstat,6,1565184168000000000,600.4771337261644
procstat,6,1565184169000000000,597.271353515872
procstat,6,1565184170000000000,601.6205760901128
procstat,6,1565184171000000000,600.9261873692836
procstat,6,1565184172000000000,599.8872799803172
procstat,6,1565184173000000000,597.805132321483
