name,threads,time,cpu_usage
procstat,2,1565184125000000000,200.25617009586068
procstat,2,1565184126000000000,199.97971325796817
procstat,2,1565184127000000000,200.20296897319253
procstat,2,1565184128000000000,199.86948922092853
procstat,2,1565184129000000000,199.7454033104681
procstat,2,1565184130000000000,200.2090476765043
procstat,2,1565184131000000000,199.90798894965008
procstat,2,1565184132000000000,200.53960454795242
