name,threads,time,cpu_usage
procstat,3,1565184574000000000,298.8153984949512
procstat,3,1565184575000000000,301.4080240914036
procstat,3,1565184576000000000,298.63207030566963
procstat,3,1565184577000000000,300.12276731883117
procstat,3,1565184578000000000,299.7628513133063
procstat,3,1565184579000000000,301.3718380203968
procstat,3,1565184580000000000,300.05681875920027
procstat,3,1565184581000000000,299.412375181474
procstat,3,1565184582000000000,300.62441033878207
