name,threads,time,cpu_usage
procstat,1,1565184551000000000,99.9418640175847
procstat,1,1565184552000000000,100.3596480318096
procstat,1,1565184553000000000,99.7765937211797
procstat,1,1565184554000000000,100.049885072797
procstat,1,1565184555000000000,99.9547264062668
procstat,1,1565184556000000000,100.25356723721684
procstat,1,1565184557000000000,99.78985563650065
procstat,1,1565184558000000000,100.21698661246973
