name,threads,time,cpu_usage
procstat,4,1565184585000000000,399.4189662333856
procstat,4,1565184586000000000,399.47025769762405
procstat,4,1565184587000000000,401.21723760716276
procstat,4,1565184588000000000,398.56672321944603
procstat,4,1565184589000000000,401.70215713218994
procstat,4,1565184590000000000,399.5635359723536
procstat,4,1565184591000000000,399.2041697210859
procstat,4,1565184592000000000,399.8842940279925
procstat,4,1565184593000000000,401.2277186067733
