name,threads,time,cpu_usage
procstat,3,1565181370000000000,298.518640315311
procstat,3,1565181371000000000,299.9747853194453
procstat,3,1565181372000000000,298.6864726925388
procstat,3,1565181373000000000,299.5492048951245
procstat,3,1565181374000000000,299.03000378246026
procstat,3,1565181375000000000,298.9797873847697
procstat,3,1565181376000000000,299.77648997992105
procstat,3,1565181377000000000,298.8503415379462
procstat,3,1565181378000000000,299.21658750372984
