name,threads,time,cpu_usage
procstat,1,1565181346000000000,99.21728645263498
procstat,1,1565181347000000000,100.92301652853016
procstat,1,1565181348000000000,99.56123194119779
procstat,1,1565181349000000000,99.67846985111991
procstat,1,1565181350000000000,99.64391112419183
procstat,1,1565181351000000000,100.17997914296915
procstat,1,1565181352000000000,99.78581267610953
procstat,1,1565181353000000000,100.20630314949769
procstat,1,1565181354000000000,99.98506433107531
