name,threads,time,cpu_usage
procstat,2,1565184390000000000,200.04750267984383
procstat,2,1565184391000000000,199.11728266801612
procstat,2,1565184392000000000,200.78388185152372
procstat,2,1565184393000000000,199.92389796861863
procstat,2,1565184394000000000,199.47305193845645
procstat,2,1565184395000000000,199.88036720286098
procstat,2,1565184396000000000,200.18151979779617
procstat,2,1565184397000000000,200.66775139400085
