name,threads,time,cpu_usage
procstat,1,1565184380000000000,100.21237015504492
procstat,1,1565184381000000000,99.88457039391571
procstat,1,1565184382000000000,99.95836214433209
procstat,1,1565184383000000000,100.0104748971197
procstat,1,1565184384000000000,100.21804289265087
procstat,1,1565184385000000000,99.76325710202379
procstat,1,1565184386000000000,100.20250405015514
procstat,1,1565184387000000000,100.0239017115531
