name,threads,time,usage_percent
docker_container_cpu,3,1565191124000000000,307.8112436235955
docker_container_cpu,3,1565191125000000000,304.69307915840733
docker_container_cpu,3,1565191126000000000,304.05623667239604
docker_container_cpu,3,1565191127000000000,310.62619883495154
docker_container_cpu,3,1565191128000000000,304.03861190672836
docker_container_cpu,3,1565191129000000000,306.6415962431678
docker_container_cpu,3,1565191130000000000,307.38369920671624
docker_container_cpu,3,1565191131000000000,304.1162186213294
