name,threads,time,usage_percent
docker_container_cpu,6,1565191155000000000,396.1878902723735
docker_container_cpu,6,1565191156000000000,409.7502395024188
docker_container_cpu,6,1565191157000000000,392.92271012328524
docker_container_cpu,6,1565191158000000000,404.5207322969918
docker_container_cpu,6,1565191159000000000,393.17205178866067
docker_container_cpu,6,1565191160000000000,398.7239059271435
docker_container_cpu,6,1565191161000000000,396.0243840368752
docker_container_cpu,6,1565191162000000000,401.4626118806884
docker_container_cpu,6,1565191163000000000,397.7074139324264
