name,threads,time,usage_percent
docker_container_cpu,8,1565191176000000000,394.80661179726684
docker_container_cpu,8,1565191177000000000,393.4794502195888
docker_container_cpu,8,1565191178000000000,393.4668381058496
docker_container_cpu,8,1565191179000000000,391.77690663449937
docker_container_cpu,8,1565191180000000000,392.94500842165496
docker_container_cpu,8,1565191181000000000,392.3089254828132
docker_container_cpu,8,1565191182000000000,391.2368815054082
