name,threads,time,cpu_usage
procstat,3,1565184484000000000,300.76252865261847
procstat,3,1565184485000000000,300.23916180936163
procstat,3,1565184486000000000,299.7586654974427
procstat,3,1565184487000000000,300.4919835653116
procstat,3,1565184488000000000,299.34110801416443
procstat,3,1565184489000000000,299.7639149335158
procstat,3,1565184490000000000,300.5719716860086
procstat,3,1565184491000000000,299.35960932301435
procstat,3,1565184492000000000,300.817669296739
