name,threads,time,cpu_usage
procstat,8,1565184540000000000,800.3438709455272
procstat,8,1565184541000000000,800.0702981767492
procstat,8,1565184542000000000,799.8019618360318
procstat,8,1565184543000000000,799.7380921727178
procstat,8,1565184544000000000,798.916800334286
procstat,8,1565184545000000000,801.3957363633051
procstat,8,1565184546000000000,800.2774874157091
procstat,8,1565184547000000000,800.0605677852235
procstat,8,1565184548000000000,799.5390513451966
