name,threads,time,usage_percent
docker_container_cpu,6,1565191471000000000,378.5674675728155
docker_container_cpu,6,1565191472000000000,403.4627241992884
docker_container_cpu,6,1565191473000000000,407.3285791504729
docker_container_cpu,6,1565191474000000000,400.3374549444347
docker_container_cpu,6,1565191475000000000,399.10783708865125
docker_container_cpu,6,1565191476000000000,403.5557180768295
docker_container_cpu,6,1565191477000000000,403.7744857974773
docker_container_cpu,6,1565191478000000000,405.9927391289969
docker_container_cpu,6,1565191479000000000,406.4893639392338
