name,threads,time,usage_percent
docker_container_cpu,3,1565191440000000000,307.16724605171214
docker_container_cpu,3,1565191441000000000,305.8262616190148
docker_container_cpu,3,1565191442000000000,304.48917451166056
docker_container_cpu,3,1565191443000000000,303.39381261083753
docker_container_cpu,3,1565191444000000000,303.9915898636251
docker_container_cpu,3,1565191445000000000,304.39163806484544
docker_container_cpu,3,1565191446000000000,305.4966929879127
