name,threads,time,usage_percent
docker_container_cpu,7,1565191481000000000,381.50016903812525
docker_container_cpu,7,1565191482000000000,407.08011851903353
docker_container_cpu,7,1565191483000000000,393.83387382352953
docker_container_cpu,7,1565191484000000000,403.3738576815196
docker_container_cpu,7,1565191485000000000,396.54036739606886
docker_container_cpu,7,1565191486000000000,405.17669321084776
docker_container_cpu,7,1565191487000000000,393.22213281624886
docker_container_cpu,7,1565191488000000000,400.510946119888
docker_container_cpu,7,1565191489000000000,402.1168904893021
