name,threads,time,usage_percent
docker_container_cpu,3,1565190969000000000,304.68191351726534
docker_container_cpu,3,1565190970000000000,304.9784381641572
docker_container_cpu,3,1565190971000000000,305.79598705570294
docker_container_cpu,3,1565190972000000000,304.37724852554675
docker_container_cpu,3,1565190973000000000,303.82372126054764
docker_container_cpu,3,1565190974000000000,303.6113586596547
docker_container_cpu,3,1565190975000000000,306.8968336812997
