name,threads,time,usage_percent
docker_container_cpu,8,1565191018000000000,387.6742734163208
docker_container_cpu,8,1565191019000000000,388.2571789459246
docker_container_cpu,8,1565191020000000000,405.6596523797782
docker_container_cpu,8,1565191021000000000,392.0389322068554
docker_container_cpu,8,1565191022000000000,404.3344683917775
docker_container_cpu,8,1565191023000000000,393.62648888319313
docker_container_cpu,8,1565191024000000000,404.0962294458
docker_container_cpu,8,1565191025000000000,401.97813912219976
docker_container_cpu,8,1565191026000000000,389.74233262352135
