name,threads,time,usage_percent
docker_container_cpu,1,1565190948000000000,106.8492069715272
docker_container_cpu,1,1565190949000000000,105.7572055108697
docker_container_cpu,1,1565190950000000000,107.34631412295937
docker_container_cpu,1,1565190951000000000,105.56233908774901
docker_container_cpu,1,1565190952000000000,102.90703752069024
docker_container_cpu,1,1565190953000000000,106.62048504248337
docker_container_cpu,1,1565190954000000000,103.37766536140352
