name,threads,time,cpu_usage
procstat,8,1565181238000000000,396.1974111298447
procstat,8,1565181239000000000,396.404613113628
procstat,8,1565181240000000000,397.0336355319087
procstat,8,1565181241000000000,394.6225185040426
procstat,8,1565181243000000000,396.20822811011186
procstat,8,1565181244000000000,395.5577888649836
procstat,8,1565181245000000000,398.16564214944015
procstat,8,1565181246000000000,397.04269279642716
