name,threads,time,cpu_usage
procstat,8,1565180560000000000,395.49841865104895
procstat,8,1565180562000000000,395.5390294319083
procstat,8,1565180563000000000,396.58705833467565
procstat,8,1565180564000000000,397.5420749199554
procstat,8,1565180565000000000,395.9972780071771
procstat,8,1565180567000000000,395.2733649260002
