name,threads,time,cpu_usage
procstat,7,1565180550000000000,398.2626257590989
procstat,7,1565180551000000000,386.6164132039786
procstat,7,1565180553000000000,394.0761638699289
procstat,7,1565180554000000000,396.1579225676922
procstat,7,1565180555000000000,396.64745266052284
procstat,7,1565180556000000000,395.88689763375686
procstat,7,1565180557000000000,395.31639250451553
