name,threads,time,cpu_usage
procstat,2,1565180500000000000,198.93000048556823
procstat,2,1565180501000000000,199.6113552869553
procstat,2,1565180502000000000,199.5052045486313
procstat,2,1565180503000000000,199.82243039492118
procstat,2,1565180504000000000,199.4111407052164
procstat,2,1565180505000000000,198.96792017043327
procstat,2,1565180506000000000,200.1980437518377
procstat,2,1565180507000000000,198.90175803503647
