name,threads,time,cpu_usage
procstat,6,1565180540000000000,394.6057144437714
procstat,6,1565180541000000000,395.00559826458397
procstat,6,1565180542000000000,397.178758869298
procstat,6,1565180543000000000,396.92787446068223
procstat,6,1565180544000000000,395.2458243013941
procstat,6,1565180545000000000,394.9678530510666
procstat,6,1565180546000000000,398.1142607975994
procstat,6,1565180547000000000,396.06523005446337
