name,threads,time,usage_percent
docker_container_cpu,5,1565191225000000000,411.4656994640042
docker_container_cpu,5,1565191226000000000,398.60339781466115
docker_container_cpu,5,1565191227000000000,404.62711476923073
docker_container_cpu,5,1565191228000000000,400.50686785303856
docker_container_cpu,5,1565191229000000000,402.17437944599817
docker_container_cpu,5,1565191230000000000,402.9138843436744
docker_container_cpu,5,1565191231000000000,400.2285447159389
