name,threads,time,usage_percent
docker_container_cpu,8,1565191256000000000,404.5318213310286
docker_container_cpu,8,1565191257000000000,397.0816483470351
docker_container_cpu,8,1565191258000000000,405.85807468512115
docker_container_cpu,8,1565191259000000000,394.95793479537207
docker_container_cpu,8,1565191260000000000,409.7477048314608
docker_container_cpu,8,1565191261000000000,401.610209956281
docker_container_cpu,8,1565191262000000000,400.9405193832818
docker_container_cpu,8,1565191263000000000,399.3500871305971
docker_container_cpu,8,1565191264000000000,398.4129953553563
