name,threads,time,usage_percent
docker_container_cpu,6,1565191235000000000,397.58571170621866
docker_container_cpu,6,1565191236000000000,406.0014596429203
docker_container_cpu,6,1565191237000000000,392.9121775267497
docker_container_cpu,6,1565191238000000000,404.4905215507096
docker_container_cpu,6,1565191239000000000,402.49726630341576
docker_container_cpu,6,1565191240000000000,400.1469071476587
docker_container_cpu,6,1565191241000000000,400.74818553326133
