name,threads,time,usage_percent
docker_container_cpu,1,1565191184000000000,106.87457183894026
docker_container_cpu,1,1565191185000000000,105.62400427184471
docker_container_cpu,1,1565191186000000000,105.04350241283123
docker_container_cpu,1,1565191187000000000,104.9199062153846
docker_container_cpu,1,1565191188000000000,105.25137001232176
docker_container_cpu,1,1565191189000000000,104.44851398251508
docker_container_cpu,1,1565191190000000000,104.1411600105569
docker_container_cpu,1,1565191191000000000,104.17489729295151
docker_container_cpu,1,1565191192000000000,104.80574407766993
