name,threads,time,usage_percent
docker_container_cpu,4,1565191215000000000,385.7616277218057
docker_container_cpu,4,1565191216000000000,403.1956091609353
docker_container_cpu,4,1565191217000000000,403.4970573312619
docker_container_cpu,4,1565191218000000000,399.5776676912305
docker_container_cpu,4,1565191219000000000,399.44878806957115
docker_container_cpu,4,1565191220000000000,399.7785414566332
docker_container_cpu,4,1565191221000000000,399.41083746227656
docker_container_cpu,4,1565191222000000000,403.7712392380792
docker_container_cpu,4,1565191223000000000,399.0065258471423
