name,threads,time,cpu_usage
procstat,4,1565180600000000000,397.4924674507487
procstat,4,1565180601000000000,395.2054214690162
procstat,4,1565180602000000000,395.2635618326482
procstat,4,1565180603000000000,398.1504682413637
procstat,4,1565180604000000000,395.92838388661204
procstat,4,1565180605000000000,394.6925232174034
procstat,4,1565180606000000000,396.0510885148014
procstat,4,1565180607000000000,397.8173426011269
