name,threads,time,cpu_usage
procstat,8,1565180641000000000,396.00446732639597
procstat,8,1565180642000000000,396.3839793089967
procstat,8,1565180643000000000,397.3893422675384
procstat,8,1565180644000000000,395.75618213270826
procstat,8,1565180645000000000,397.5776584549757
procstat,8,1565180646000000000,396.1363348416842
procstat,8,1565180647000000000,396.5243111867237
procstat,8,1565180648000000000,396.2044567750488
