name,threads,time,cpu_usage
procstat,6,1565180620000000000,394.3186684253869
procstat,6,1565180621000000000,395.3707022231487
procstat,6,1565180622000000000,396.18137656913785
procstat,6,1565180623000000000,394.8783549308501
procstat,6,1565180624000000000,395.06635075126366
procstat,6,1565180625000000000,396.87005883223856
procstat,6,1565180626000000000,396.8757229542447
procstat,6,1565180627000000000,394.93918347969367
procstat,6,1565180628000000000,394.77947428311364
