name,threads,time,cpu_usage
procstat,5,1565180530000000000,394.2321739857537
procstat,5,1565180531000000000,395.8571014252778
procstat,5,1565180532000000000,397.1301890771952
procstat,5,1565180533000000000,395.9939299525828
procstat,5,1565180534000000000,394.3126433973223
procstat,5,1565180535000000000,396.7803420215906
procstat,5,1565180536000000000,396.3706710352996
procstat,5,1565180537000000000,395.69445718796584
