name,threads,time,cpu_usage
procstat,1,1565180490000000000,100.51854741913057
procstat,1,1565180491000000000,99.65454871481406
procstat,1,1565180492000000000,99.88185404976427
procstat,1,1565180493000000000,99.30765202744385
procstat,1,1565180494000000000,100.88006500215977
procstat,1,1565180495000000000,99.9154674180302
procstat,1,1565180496000000000,99.417845949021
procstat,1,1565180497000000000,99.67601712020662
