name,threads,time,cpu_usage
procstat,4,1565180520000000000,395.9502093060042
procstat,4,1565180521000000000,394.86331183151833
procstat,4,1565180522000000000,394.9918722562752
procstat,4,1565180523000000000,395.1979096618338
procstat,4,1565180524000000000,397.8216352322132
procstat,4,1565180525000000000,394.94134993898615
procstat,4,1565180526000000000,394.69934169325217
procstat,4,1565180527000000000,396.756304942472
