name,threads,time,cpu_usage
procstat,3,1565180510000000000,299.17955386540353
procstat,3,1565180511000000000,298.9024055578918
procstat,3,1565180512000000000,299.1878214488289
procstat,3,1565180513000000000,298.0316521758137
procstat,3,1565180514000000000,298.5657180776595
procstat,3,1565180515000000000,298.916849433436
procstat,3,1565180516000000000,299.2551862442347
procstat,3,1565180517000000000,299.13585896706746
