name,threads,time,cpu_usage
procstat,2,1565180199000000000,199.2389387752628
procstat,2,1565180200000000000,199.28566928701008
procstat,2,1565180201000000000,199.99849273863205
procstat,2,1565180202000000000,200.39904574640425
procstat,2,1565180203000000000,200.01646715572448
procstat,2,1565180204000000000,199.76022986258099
procstat,2,1565180205000000000,199.6037555408104
procstat,2,1565180206000000000,199.71322906470903
