name,threads,time,cpu_usage
procstat,1,1565180189000000000,99.86786702223594
procstat,1,1565180190000000000,100.26049823014856
procstat,1,1565180191000000000,99.91738560781003
procstat,1,1565180192000000000,100.76502110978802
procstat,1,1565180193000000000,99.07615201103485
procstat,1,1565180194000000000,100.24062410975365
procstat,1,1565180195000000000,99.8392515167926
procstat,1,1565180196000000000,100.02623007836591
