name,threads,time,cpu_usage
procstat,7,1565180249000000000,394.8359450835872
procstat,7,1565180250000000000,394.8969083572591
procstat,7,1565180251000000000,395.81235289536653
procstat,7,1565180252000000000,394.67787978787305
procstat,7,1565180253000000000,394.48465900292405
procstat,7,1565180254000000000,398.0174741844679
procstat,7,1565180255000000000,394.52915252673006
procstat,7,1565180256000000000,394.6679575622881
