name,threads,time,cpu_usage
procstat,3,1565180209000000000,299.50689978014987
procstat,3,1565180210000000000,299.951256426057
procstat,3,1565180211000000000,299.21847478003286
procstat,3,1565180212000000000,300.1288161882945
procstat,3,1565180213000000000,299.52910899410307
procstat,3,1565180214000000000,299.17089474869664
procstat,3,1565180215000000000,299.83967251811833
procstat,3,1565180216000000000,300.0888928883076
