name,threads,time,cpu_usage
procstat,8,1565180258000000000,395.6593559904842
procstat,8,1565180259000000000,395.0812338305191
procstat,8,1565180260000000000,397.2182036676235
procstat,8,1565180261000000000,394.8353416931353
procstat,8,1565180262000000000,397.4563973520264
procstat,8,1565180263000000000,396.1893410075978
procstat,8,1565180264000000000,395.3524467724904
procstat,8,1565180265000000000,395.8344973047001
procstat,8,1565180266000000000,395.3848528760011
