name,threads,time,cpu_usage
procstat,5,1565180229000000000,395.57747793283835
procstat,5,1565180230000000000,395.40276087675437
procstat,5,1565180231000000000,397.06714977450935
procstat,5,1565180232000000000,395.06412623368345
procstat,5,1565180233000000000,395.96648570627787
procstat,5,1565180234000000000,396.23199548667816
procstat,5,1565180235000000000,396.6502042242485
procstat,5,1565180236000000000,396.08574774750525
