name,threads,time,cpu_usage
procstat,4,1565180219000000000,395.3157060669598
procstat,4,1565180220000000000,395.87608436170296
procstat,4,1565180221000000000,393.94342946610016
procstat,4,1565180222000000000,393.8666521411556
procstat,4,1565180223000000000,396.8263488624388
procstat,4,1565180224000000000,395.85146889198336
procstat,4,1565180225000000000,394.6095509876336
procstat,4,1565180226000000000,396.88438713347847
