name,threads,time,cpu_usage
procstat,2,1565181630000000000,199.6247087415612
procstat,2,1565181631000000000,200.23291171985943
procstat,2,1565181632000000000,199.61315113167743
procstat,2,1565181633000000000,199.85632438214282
procstat,2,1565181634000000000,198.79977443358425
procstat,2,1565181635000000000,199.5918339013045
procstat,2,1565181636000000000,200.663973728186
procstat,2,1565181637000000000,199.1296311340716
procstat,2,1565181638000000000,198.6968171203933
