name,threads,time,cpu_usage
procstat,5,1565180610000000000,395.612853597351
procstat,5,1565180611000000000,396.64155095947814
procstat,5,1565180612000000000,395.1634703706746
procstat,5,1565180613000000000,396.0779586704057
procstat,5,1565180614000000000,395.56637581966896
procstat,5,1565180615000000000,396.9462506990319
procstat,5,1565180616000000000,395.5071109057743
procstat,5,1565180617000000000,395.24248016920507
