name,threads,time,cpu_usage
procstat,2,1565180580000000000,199.37775391214882
procstat,2,1565180581000000000,199.62175887619617
procstat,2,1565180582000000000,200.04178883021007
procstat,2,1565180583000000000,199.64514249714185
procstat,2,1565180584000000000,199.53270358670434
procstat,2,1565180585000000000,199.78126059110906
procstat,2,1565180586000000000,198.92989490166093
procstat,2,1565180587000000000,200.45688450672245
procstat,2,1565180588000000000,199.8394818986094
