name,threads,time,cpu_usage
procstat,1,1565180570000000000,99.5684288099345
procstat,1,1565180571000000000,100.06595286914032
procstat,1,1565180572000000000,99.8543221300272
procstat,1,1565180573000000000,100.14897620896379
procstat,1,1565180574000000000,99.78459160941664
procstat,1,1565180575000000000,100.03218655641079
procstat,1,1565180576000000000,99.97762680671795
procstat,1,1565180577000000000,100.19648520729494
