name,threads,time,cpu_usage
procstat,3,1565180590000000000,298.93276336467306
procstat,3,1565180591000000000,299.6563708546606
procstat,3,1565180592000000000,298.6207087451402
procstat,3,1565180593000000000,299.47887952427504
procstat,3,1565180594000000000,298.94531961264437
procstat,3,1565180595000000000,299.26951175622827
procstat,3,1565180596000000000,299.47062477165616
procstat,3,1565180597000000000,299.718014666347
