name,threads,time,cpu_usage
procstat,7,1565180631000000000,394.51210018204165
procstat,7,1565180632000000000,394.9718102509439
procstat,7,1565180633000000000,397.0754287673121
procstat,7,1565180634000000000,395.9214929495031
procstat,7,1565180635000000000,395.0811842712881
procstat,7,1565180636000000000,396.82359752708777
procstat,7,1565180637000000000,395.21934270680987
procstat,7,1565180638000000000,395.905472252055
