name,threads,time,usage_percent
docker_container_cpu,5,1565190907000000000,405.5567721526929
docker_container_cpu,5,1565190908000000000,399.0650842719608
docker_container_cpu,5,1565190909000000000,398.0596477462088
docker_container_cpu,5,1565190910000000000,403.42923058829047
docker_container_cpu,5,1565190911000000000,398.10589968545685
docker_container_cpu,5,1565190912000000000,404.6614051854544
docker_container_cpu,5,1565190913000000000,404.19789459277365
