name,threads,time,usage_percent
docker_container_cpu,1,1565190866000000000,292.0124818604652
docker_container_cpu,1,1565190867000000000,103.35591916742004
docker_container_cpu,1,1565190868000000000,105.5043105924086
docker_container_cpu,1,1565190869000000000,103.35591916742001
docker_container_cpu,1,1565190870000000000,102.3212869010912
docker_container_cpu,1,1565190871000000000,103.35591916742001
docker_container_cpu,1,1565190872000000000,106.1494593909865
docker_container_cpu,1,1565190873000000000,103.35591916742001
docker_container_cpu,1,1565190874000000000,103.7345855256724
