name,threads,time,usage_percent
docker_container_cpu,2,1565190876000000000,155.31347747572815
docker_container_cpu,2,1565190877000000000,203.4418790155373
docker_container_cpu,2,1565190878000000000,202.9394890683447
docker_container_cpu,2,1565190879000000000,203.62224864789482
docker_container_cpu,2,1565190880000000000,205.03602149903458
docker_container_cpu,2,1565190881000000000,203.65304156474457
docker_container_cpu,2,1565190882000000000,205.16126464211254
docker_container_cpu,2,1565190883000000000,204.76324868517008
docker_container_cpu,2,1565190884000000000,204.2799667550593
