name,threads,time,cpu_usage
procstat,8,1565180340000000000,394.9354941663905
procstat,8,1565180341000000000,397.32503828856176
procstat,8,1565180342000000000,395.1793052643683
procstat,8,1565180343000000000,394.95821062532445
procstat,8,1565180344000000000,395.91692056867834
procstat,8,1565180345000000000,394.9642355422136
procstat,8,1565180347000000000,397.2936639665963
procstat,8,1565180348000000000,395.4553139753573
