name,threads,time,cpu_usage
procstat,3,1565180290000000000,298.11723318564583
procstat,3,1565180291000000000,299.20536066628995
procstat,3,1565180292000000000,298.9154864896223
procstat,3,1565180293000000000,299.3243994180728
procstat,3,1565180294000000000,299.02915817181685
procstat,3,1565180295000000000,299.3925029756502
procstat,3,1565180296000000000,299.6835444320318
procstat,3,1565180297000000000,298.58652757078613
