name,threads,time,cpu_usage
procstat,5,1565180310000000000,364.839939954603
procstat,5,1565180311000000000,394.038025565008
procstat,5,1565180312000000000,396.6715451866034
procstat,5,1565180313000000000,396.7319510503048
procstat,5,1565180314000000000,394.94386799670906
procstat,5,1565180315000000000,394.88892559375984
procstat,5,1565180316000000000,397.9937143662112
procstat,5,1565180317000000000,393.9406429777822
