name,threads,time,cpu_usage
procstat,4,1565180300000000000,395.0656370052805
procstat,4,1565180301000000000,396.92534286890884
procstat,4,1565180302000000000,396.1136275748248
procstat,4,1565180303000000000,393.63582847603965
procstat,4,1565180304000000000,395.8717912722331
procstat,4,1565180305000000000,397.7688478790879
procstat,4,1565180306000000000,395.007838405223
procstat,4,1565180307000000000,395.89260444279677
