name,threads,time,cpu_usage
procstat,1,1565180269000000000,100.02107604105908
procstat,1,1565180270000000000,100.65023198921793
procstat,1,1565180271000000000,99.18146518578493
procstat,1,1565180272000000000,99.86677911479572
procstat,1,1565180273000000000,100.0580237480295
procstat,1,1565180274000000000,100.00426148159453
procstat,1,1565180275000000000,99.97323576516035
procstat,1,1565180276000000000,100.06556576052212
procstat,1,1565180277000000000,99.77961198159487
