name,threads,time,usage_percent
docker_container_cpu,7,1565191326000000000,388.0196577723377
docker_container_cpu,7,1565191327000000000,404.40306825656165
docker_container_cpu,7,1565191328000000000,403.7463932905909
docker_container_cpu,7,1565191329000000000,402.0817782060266
docker_container_cpu,7,1565191330000000000,407.1187044406665
docker_container_cpu,7,1565191331000000000,403.11842187868433
docker_container_cpu,7,1565191332000000000,403.6287606951809
docker_container_cpu,7,1565191333000000000,403.41066686047935
docker_container_cpu,7,1565191334000000000,403.7037044500525
