name,threads,time,usage_percent
docker_container_cpu,2,1565191276000000000,206.47166861459232
docker_container_cpu,2,1565191277000000000,203.47107981938169
docker_container_cpu,2,1565191278000000000,206.76273549555825
docker_container_cpu,2,1565191279000000000,204.20283658227848
docker_container_cpu,2,1565191280000000000,203.4464201387964
docker_container_cpu,2,1565191281000000000,205.5895233858387
docker_container_cpu,2,1565191282000000000,205.7899833565689
