name,threads,time,usage_percent
docker_container_cpu,6,1565191317000000000,388.26578963115446
docker_container_cpu,6,1565191318000000000,409.62167292307686
docker_container_cpu,6,1565191319000000000,392.1175363948197
docker_container_cpu,6,1565191320000000000,403.2376812792128
docker_container_cpu,6,1565191321000000000,405.83195304330087
docker_container_cpu,6,1565191322000000000,404.3591082522966
docker_container_cpu,6,1565191323000000000,405.6301695070954
docker_container_cpu,6,1565191324000000000,405.73233821534194
