name,threads,time,usage_percent
docker_container_cpu,4,1565191295000000000,403.01906832116794
docker_container_cpu,4,1565191296000000000,400.42862220017713
docker_container_cpu,4,1565191297000000000,403.73963945620375
docker_container_cpu,4,1565191298000000000,405.03186663414635
docker_container_cpu,4,1565191299000000000,403.8747415677452
docker_container_cpu,4,1565191300000000000,404.98818312127344
docker_container_cpu,4,1565191301000000000,403.3817816168668
docker_container_cpu,4,1565191302000000000,403.3648478575745
docker_container_cpu,4,1565191303000000000,403.3536748487467
