name,threads,time,usage_percent
docker_container_cpu,1,1565191266000000000,108.82377886909906
docker_container_cpu,1,1565191267000000000,104.56702839536092
docker_container_cpu,1,1565191268000000000,104.8506069372182
docker_container_cpu,1,1565191269000000000,107.90049777633351
docker_container_cpu,1,1565191270000000000,106.05557864674371
docker_container_cpu,1,1565191271000000000,104.2244593010205
docker_container_cpu,1,1565191272000000000,103.82455999999999
