name,threads,time,usage_percent
docker_container_cpu,3,1565191286000000000,304.9971557698932
docker_container_cpu,3,1565191287000000000,305.18957275668066
docker_container_cpu,3,1565191288000000000,307.1909692114445
docker_container_cpu,3,1565191289000000000,304.39739522910105
docker_container_cpu,3,1565191290000000000,304.4089411295674
docker_container_cpu,3,1565191291000000000,305.66369546139623
docker_container_cpu,3,1565191292000000000,306.26008825190024
docker_container_cpu,3,1565191293000000000,304.0199480571588
