name,threads,time,cpu_usage
procstat,8,1565183011000000000,799.9907049079999
procstat,8,1565183012000000000,801.6052509516331
procstat,8,1565183013000000000,800.922389478144
procstat,8,1565183014000000000,799.544759202729
procstat,8,1565183015000000000,799.3267746963454
procstat,8,1565183016000000000,798.6320008839897
procstat,8,1565183017000000000,801.3656708099803
procstat,8,1565183018000000000,801.3147620036453
