name,threads,time,cpu_usage
procstat,2,1565182951000000000,200.04322353935342
procstat,2,1565182952000000000,199.53767821848103
procstat,2,1565182953000000000,200.37536417157943
procstat,2,1565182954000000000,199.4683470412138
procstat,2,1565182955000000000,200.5323409731085
procstat,2,1565182956000000000,200.17652003734244
procstat,2,1565182957000000000,199.86685629527665
procstat,2,1565182958000000000,200.3148316158131
