name,threads,time,cpu_usage
procstat,5,1565182981000000000,500.0459069922948
procstat,5,1565182982000000000,499.39239652039805
procstat,5,1565182983000000000,499.7910888302637
procstat,5,1565182984000000000,500.84830133447485
procstat,5,1565182985000000000,498.7804367615962
procstat,5,1565182986000000000,499.45911374951964
procstat,5,1565182987000000000,501.9233061188254
procstat,5,1565182988000000000,498.0462953953418
