name,threads,time,cpu_usage
procstat,3,1565182961000000000,299.7988062203408
procstat,3,1565182962000000000,300.2793585240325
procstat,3,1565182963000000000,299.90774020886755
procstat,3,1565182964000000000,300.50299784445093
procstat,3,1565182965000000000,299.728651768027
procstat,3,1565182966000000000,300.18544161468526
procstat,3,1565182967000000000,299.85644522613023
procstat,3,1565182968000000000,300.1480534300193
