name,threads,time,cpu_usage
procstat,1,1565182941000000000,99.9110027756126
procstat,1,1565182942000000000,100.10501917456585
procstat,1,1565182943000000000,100.01379300220673
procstat,1,1565182944000000000,100.05704191925592
procstat,1,1565182945000000000,99.91904489039648
procstat,1,1565182946000000000,99.96153060463905
procstat,1,1565182947000000000,100.1904075613829
procstat,1,1565182948000000000,99.81391482250427
