name,threads,time,cpu_usage
procstat,4,1565182971000000000,400.1583686767793
procstat,4,1565182972000000000,400.20097292458325
procstat,4,1565182973000000000,399.65811087042346
procstat,4,1565182974000000000,400.17789107792083
procstat,4,1565182975000000000,399.3917886110644
procstat,4,1565182976000000000,400.42586411841415
procstat,4,1565182977000000000,400.2230310878652
procstat,4,1565182978000000000,399.8312528190731
