name,threads,time,cpu_usage
procstat,5,1565184596000000000,499.90841386746627
procstat,5,1565184597000000000,500.5581859482218
procstat,5,1565184598000000000,500.24210066873434
procstat,5,1565184599000000000,499.86801235067884
procstat,5,1565184600000000000,499.8566795932569
procstat,5,1565184601000000000,499.9212793958189
procstat,5,1565184602000000000,499.10319124145065
procstat,5,1565184603000000000,499.8858865497043
procstat,5,1565184604000000000,501.2115606339485
