name,threads,time,cpu_usage
procstat,6,1565184607000000000,600.4450618887731
procstat,6,1565184608000000000,599.5913203548203
procstat,6,1565184609000000000,599.2626046547398
procstat,6,1565184610000000000,600.9389740233272
procstat,6,1565184611000000000,598.1255358859146
procstat,6,1565184612000000000,601.7771335012294
procstat,6,1565184613000000000,598.7391264060368
procstat,6,1565184614000000000,601.599728503929
procstat,6,1565184615000000000,597.777347271282
