name,threads,time,cpu_usage
procstat,6,1565180159000000000,395.25290427620695
procstat,6,1565180160000000000,397.2162798535009
procstat,6,1565180161000000000,392.96042253949287
procstat,6,1565180162000000000,394.8894859894139
procstat,6,1565180163000000000,396.7540214277805
procstat,6,1565180164000000000,397.58786182800947
procstat,6,1565180165000000000,394.0176236202694
procstat,6,1565180166000000000,395.3751700381034
