name,threads,time,cpu_usage
procstat,3,1565180128000000000,299.4836218819724
procstat,3,1565180129000000000,300.21775014313886
procstat,3,1565180130000000000,298.7444664304332
procstat,3,1565180131000000000,299.39492286089813
procstat,3,1565180132000000000,298.8876472367408
procstat,3,1565180133000000000,299.5181841032045
procstat,3,1565180134000000000,299.7032172241258
procstat,3,1565180135000000000,298.2779578905302
