name,threads,time,cpu_usage
procstat,1,1565180108000000000,100.11972747526319
procstat,1,1565180109000000000,99.68662900085144
procstat,1,1565180110000000000,99.7984896839878
procstat,1,1565180111000000000,100.27025782429226
procstat,1,1565180112000000000,100.14575252881343
procstat,1,1565180113000000000,99.92803622514424
procstat,1,1565180114000000000,99.93748240894188
procstat,1,1565180115000000000,99.90938728111477
