name,threads,time,cpu_usage
procstat,8,1565180179000000000,394.78370925044084
procstat,8,1565180180000000000,394.3200272253873
procstat,8,1565180181000000000,396.4632556846785
procstat,8,1565180182000000000,396.09941601599473
procstat,8,1565180183000000000,396.3078512064208
procstat,8,1565180184000000000,395.71145735734086
procstat,8,1565180185000000000,395.7813255606849
procstat,8,1565180186000000000,397.6818873611602
